date,open,high,low,close,volume,barCount
20220302,9.75,11.37,8.84,9.43,3442.88,1468
20220303,10.0,10.0,8.24,8.27,5316.24,2015
20220304,8.44,8.75,7.43,7.45,5261.59,1903
20220307,7.5,7.5,6.69,6.87,4534.5,1725
20220308,6.94,7.64,6.71,6.82,4589.06,1818
20220309,7.76,7.88,7.3,7.62,4382.2,1563
20220310,7.8,8.24,7.25,7.39,3843.78,1631
20220311,7.56,7.75,6.53,6.94,4614.33,2317
20220314,7.0,7.15,6.25,6.35,1908.96,682
20220315,6.46,6.69,5.91,5.92,4372.89,1946
20220316,6.0,6.32,6.0,6.28,3216.33,1526
20220317,6.24,6.72,6.13,6.63,2547.61,1147
20220318,6.74,6.86,6.5,6.83,3212.26,1406
20220321,7.07,7.1,6.12,6.37,3390.69,1605
20220322,6.52,6.9,6.51,6.75,2844.96,1244
20220323,6.68,7.86,6.62,7.14,5827.19,2647
20220324,7.23,8.01,7.19,7.63,4116.87,2249
20220325,7.77,7.85,7.03,7.31,2999.13,1233
20220328,7.29,7.36,6.85,6.93,2966.57,1377
20220329,7.06,7.06,6.57,6.79,2188.84,834
20220330,6.8,6.98,6.61,6.67,1499.23,767
20220331,6.84,6.86,6.25,6.3,1736.96,967
20220401,6.56,6.56,6.15,6.22,2192.96,1080
20220404,6.3,6.53,6.22,6.52,1456.3,745
20220405,6.43,6.43,5.94,5.96,3126.03,1268
20220406,5.9,5.99,5.61,5.83,3551.71,1175
20220407,6.0,6.51,5.97,6.22,3132.77,1346
20220408,6.16,6.23,5.92,6.15,1779.15,866
20220411,6.05,6.1,5.73,5.85,1757.71,907
20220412,6.02,6.16,5.9,6.15,1567.68,745
20220413,6.17,6.45,6.08,6.42,1284.56,617
20220414,6.42,6.42,6.12,6.34,1611.41,650
20220418,6.25,6.28,6.0,6.17,1226.42,667
20220419,6.11,6.18,5.78,5.83,1759,860
20220420,5.83,6.01,5.76,5.9,2299.33,1106
20220421,5.97,6.18,5.7,5.78,2342.5,1065
20220422,5.94,5.94,5.54,5.63,858.73,390
20220425,5.58,5.93,5.42,5.9,1441.93,564
20220426,5.81,6.32,5.76,6.0,2757.39,1274
20220427,6.0,6.74,5.83,6.47,3220.1,1483
20220428,6.46,6.85,6.42,6.74,2358.68,1187
20220429,6.65,7.1,6.32,6.95,2613.7,1311
20220502,6.91,7.08,6.72,7.04,1716.81,1046
20220503,7.04,7.19,6.78,7.15,1754.41,999
20220504,7.09,7.1,6.44,6.78,3286.59,2117
20220505,6.8,7.15,6.55,6.99,2303.27,1283
20220506,7.02,7.5,6.72,7.42,2990.25,1292
20220509,7.37,7.61,6.37,6.42,4928.61,2235
20220510,6.44,6.5,5.41,5.68,4254.31,2067
20220511,5.82,6.87,5.7,6.07,3692.93,1801
20220512,6.08,7.27,5.76,6.85,5732.03,2705
20220513,6.86,8.53,6.86,7.76,6454.51,3256
20220516,8.07,8.34,7.39,7.46,3019.36,1725
20220517,7.24,7.7,7.02,7.68,3339.42,1600
20220518,7.56,7.85,7.17,7.3,2998.8,1715
20220519,7.18,8.12,7.15,7.98,2711.48,1579
20220520,8.24,8.74,8.08,8.65,3389.18,1867
20220523,8.79,9.52,8.73,8.87,3902.57,2238
20220524,8.65,8.66,7.95,8.16,2417.97,1459
20220525,8.03,8.52,8.03,8.51,1820.29,1324
20220526,8.63,8.68,8.2,8.34,2188.19,1368
20220527,8.49,9.2,8.47,8.81,3597.59,2295
20220531,8.9,9.22,8.71,8.98,4116.13,2948
20220601,8.97,9.25,8.97,9.16,5061.65,3208
20220602,8.05,8.49,7.88,8.23,5993.7,3823
20220603,8.03,8.33,8.0,8.22,4358.94,3168
20220606,8.3,8.48,6.5,7.25,9122.37,5467
20220607,7.1,7.18,6.5,6.73,8996.69,5456
20220608,6.84,7.1,6.55,6.57,4525.62,3120
20220609,6.6,6.78,5.86,5.86,5179.57,2805
20220610,5.71,5.82,5.1,5.19,7320.05,4242
20220613,5.14,5.16,4.6,4.62,6905.81,4088
20220614,4.7,4.72,4.25,4.32,6011.44,3610
20220615,4.36,4.62,4.23,4.5,7332.79,4392
20220616,4.35,4.9,4.31,4.7,7778.45,4418
20220617,4.63,4.96,4.51,4.96,8787.3,5158
20220621,5.17,5.19,4.66,4.72,5584.75,2708
20220622,4.59,4.67,4.24,4.33,4806.66,2614
20220623,4.45,4.46,4.05,4.34,4092.5,2517
20220624,4.34,4.34,3.98,3.99,6480.74,3310
20220627,4.25,4.25,3.7,3.71,7675.32,3535
20220628,3.82,3.95,3.55,3.6,6450,3051
20220629,3.74,3.74,3.29,3.38,5600.3,2939
20220630,3.48,3.67,3.25,3.67,11912.59,3844
20220701,3.69,3.77,3.51,3.74,5079.96,2366
20220705,3.73,4.27,3.66,4.27,5695.34,2637
20220706,4.15,4.67,4.08,4.62,5299.28,2690
20220707,4.68,5.18,4.68,5.18,5318.78,2445
20220708,5.04,5.64,5.04,5.3,4873.7,2161
20220711,5.3,5.3,4.66,4.665,4273.49,1986
20220712,4.81,4.82,4.41,4.54,3653.76,1911
20220713,4.54,4.61,4.33,4.47,3537.18,1894
20220714,4.4,4.58,4.25,4.3,2200.15,1404
20220715,4.39,4.43,4.21,4.4,2154.58,1106
20220718,4.6,4.68,4.34,4.46,2415.39,1458
20220719,4.47,4.69,4.47,4.52,3011.72,1518
20220720,4.51,4.75,4.45,4.53,3860.66,1744
20220721,4.55,4.55,4.0,4.24,4832.19,2097
20220722,4.19,4.24,4.0,4.03,3144.78,1260
20220725,4.1,4.2,3.94,4.18,1632.99,972
20220726,4.12,4.18,3.82,3.9,1906.13,931
20220727,4.0,4.2,3.9,4.19,2231.77,958
20220728,4.07,4.41,4.05,4.41,2614.99,987
20220729,4.41,4.57,4.26,4.43,1791.77,837
20220801,4.45,4.47,4.08,4.11,2963.91,1751
20220802,4.01,4.2,3.95,4.06,3719.55,1812
20220803,4.11,4.34,4.03,4.31,2992.73,1543
20220804,4.33,4.59,4.11,4.27,2577.89,1134
20220805,4.37,4.47,4.2,4.45,2921.69,1253
20220808,4.55,4.62,4.39,4.55,2596.26,1172
20220809,4.58,4.58,4.18,4.35,3490.39,1309
20220810,4.49,4.6,4.43,4.47,2204.27,876
20220811,4.5,4.56,4.18,4.34,3938.52,1851
20220812,4.33,4.95,4.06,4.84,6341.54,2558
20220815,4.75,5.0,4.71,4.97,3215.82,1779
20220816,5.02,5.47,4.87,5.39,6253.46,2852
20220817,5.26,5.28,4.86,5.23,3389.47,1417
20220818,5.16,5.9,5.13,5.67,5643.54,2105
20220819,5.45,5.61,4.96,5.02,3938.3,1528
20220822,4.81,4.83,4.5,4.58,3536.13,1852
20220823,4.58,4.76,4.51,4.53,2716.13,1601
20220824,4.5,4.74,4.41,4.44,2920.04,1361
20220825,4.47,4.55,4.22,4.25,6563.38,3335
20220826,4.32,4.32,3.8,3.99,8094.44,3139
20220829,4.0,4.16,3.85,4.04,7092.9,1833
20220830,4.05,4.11,3.93,3.95,4924.77,1283
20220831,3.99,4.44,3.96,3.98,3474.87,1758
20220901,3.96,4.0,3.41,3.51,6336.96,2633
20220902,3.66,3.7,3.5,3.64,6934.95,2326
20220906,3.53,3.56,2.23,2.29,61712.37,21548
20220907,2.4,2.52,2.13,2.36,41708.77,15043
20220908,2.44,2.5,2.26,2.4,24547.8,8519
20220909,2.47,2.51,2.34,2.42,15330.07,6191
20220912,2.45,2.5,2.39,2.45,11910.91,4239
20220913,2.4,2.44,2.26,2.41,11273.87,5019
20220914,2.41,2.46,2.28,2.45,10901.43,4877
20220915,2.47,2.48,2.26,2.28,10776.05,3866
20220916,2.25,2.41,2.09,2.29,15508.9,4519
20220919,2.33,2.34,2.07,2.09,9651.84,3229
20220920,2.06,2.11,1.97,2.0,11473.16,3786
20220921,2.0,2.11,1.98,2.0,7941.27,2834
20220922,2.03,2.06,1.89,1.92,11395.72,3365
20220923,1.9,1.91,1.7601,1.83,8929.14,2955
20220926,1.85,1.89,1.725,1.77,12624.62,4402
20220927,1.8,1.85,1.76,1.82,3426.64,1646
20220928,1.81,1.8881,1.78,1.87,8032.24,3292
20220929,1.81,1.85,1.67,1.73,8500.86,3175
20220930,1.73,1.95,1.72,1.88,9978.56,3528
20221003,1.92,2.01,1.8,1.93,9156.11,3007
20221004,1.97,2.09,1.97,2.08,6219.64,2543
20221005,2.09,2.09,1.94,1.96,4495.02,1935
20221006,1.94,2.025,1.92,1.96,3249.22,1333
20221007,1.95,1.97,1.87,1.89,6280.97,2460
20221010,1.94,1.98,1.82,1.94,6742.41,3011
20221011,1.99,1.99,1.85,1.9,7618.96,3316
20221012,1.88,1.9,1.84,1.89,6114.52,2696
20221013,1.82,1.86,1.755,1.79,10768.06,3327
20221014,1.79,1.805,1.6,1.61,6669.22,2293
20221017,1.69,1.93,1.65,1.92,10402.6,3346
20221018,1.95,2.02,1.8119,1.89,4253.44,1739
20221019,1.86,1.93,1.81,1.87,4109.14,1833
20221020,1.88,2.07,1.8702,1.98,4089.62,1842
20221021,1.98,2.085,1.94,2.05,2634.47,1217
20221024,2.05,2.11,1.97,2.09,4071.36,2036
20221025,2.08,2.28,2.08,2.27,5104.45,2501
20221026,2.19,2.25,2.04,2.1,6624.08,3402
20221027,2.13,2.25,2.11,2.13,2974.46,1806
20221028,2.12,2.14,2.02,2.09,3638.43,1951
20221031,2.08,2.215,2.04,2.1,6679.32,3679
20221101,2.08,2.1,1.86,1.88,7941.47,3031
20221102,1.89,1.945,1.81,1.82,3570.89,1354
20221103,1.84,1.86,1.76,1.8,2925.32,1201
20221104,1.89,1.89,1.7,1.79,4493.72,1585
20221107,1.82,1.83,1.645,1.69,6591.99,2234
20221108,1.75,1.79,1.56,1.57,6863.59,2718
20221109,1.54,1.6,0.9811,1.11,27915.7,7959
20221110,1.1,1.23,1.07,1.19,9553.99,2721
20221111,1.2,1.25,1.15,1.18,6677.84,2628
20221114,1.23,1.29,1.17,1.2,8182.97,2803
20221115,1.27,1.32,1.16,1.25,8816.3,2602
20221116,1.25,1.25,1.12,1.14,6586.17,2142
20221117,1.11,1.23,1.11,1.22,5630.88,2034
20221118,1.23,1.25,1.17,1.24,4011.31,1309
20221121,1.32,1.52,1.27,1.39,16748.36,4931
20221122,1.36,1.4099,1.3,1.32,4723.3,1966
20221123,1.38,1.45,1.33,1.44,2995.49,1169
20221125,1.46,1.46,1.38,1.4,1391.34,636
20221128,1.42,1.55,1.26,1.28,5916.91,2718
20221129,1.26,1.38,1.26,1.31,2283.93,1038
20221130,1.34,1.3599,1.24,1.3,5286.93,1928
20221201,1.35,1.35,1.15,1.16,4589.4,1995
20221202,1.17,1.22,1.15,1.18,6974.08,2723
20221205,1.16,1.22,1.08,1.11,9894.03,3610
20221206,1.12,1.15,1.04,1.05,6902.12,2613
20221207,1.05,1.075,0.995,1.0,9825.97,2924
20221208,1.07,1.08,1.0,1.02,6964.94,2669
20221209,1.02,1.04,0.99,0.9908,5668.65,1738
20221212,1.0,1.01,0.95,0.9638,10970.4,3963
20221213,0.99,1.02,0.93,0.9693,13187.43,3473
20221214,0.9849,1.02,0.9301,0.9893,6778.05,2195
20221215,0.915,1.04,0.915,0.995,11138.44,3728
20221216,0.97,1.0,0.8948,0.8948,18311.48,6346
20221219,0.9101,0.9279,0.8,0.8001,10259.29,3271
20221220,0.8085,0.84,0.7701,0.786,6966.74,2141
20221221,0.77,0.86,0.77,0.8102,5197.13,1555
20221222,0.8,0.8499,0.7741,0.7771,7553.67,1835
20221223,0.78,0.85,0.78,0.8266,4374.04,1262
20221227,0.84,0.845,0.667,0.6802,7919.55,1942
20221228,0.7,0.7282,0.68,0.6801,5983.05,1373
20221229,0.69,0.72,0.6873,0.7183,5784.07,1740
20221230,0.7183,0.745,0.71,0.7292,5438.21,1859
20230103,0.75,0.8882,0.7,0.7276,6718.92,2023
20230104,0.7494,0.843,0.73,0.8139,4593.65,1253
20230105,0.8239,0.8347,0.7518,0.7631,4316.83,1608
20230106,0.7791,0.7945,0.74,0.7497,4123.34,1376
20230109,0.7604,0.8098,0.75,0.76,4029.17,1862
20230110,0.77,0.79,0.75,0.7754,3143.91,1209
20230111,0.8,0.81,0.77,0.7994,5867.24,2450
20230112,0.8148,0.849,0.81,0.848,7100.7,2543
20230113,0.8649,0.97,0.8649,0.9201,10417.11,3127
20230117,0.96,1.02,0.91,1.0,7880.67,2727
20230118,1.01,1.05,0.94,0.9458,7417.21,2220
20230119,0.948,0.9676,0.8321,0.8711,5744.95,1372
20230120,0.9162,0.9162,0.858,0.8929,3926.3,1294
20230123,0.8952,0.9086,0.8604,0.8991,4648.6,1705
20230124,0.9036,0.9199,0.86,0.8704,2441.23,828
20230125,0.86,0.87,0.79,0.8499,7893.41,2442
20230126,0.888,0.8899,0.78,0.8087,4465.84,1574
20230127,0.806,0.8128,0.781,0.8038,5228.79,1582
20230130,0.8242,0.8242,0.77,0.7719,2553.58,1043
20230131,0.7876,0.81,0.77,0.7806,3169.62,1135
20230201,0.79,0.87,0.7701,0.8,12594.58,3173
20230202,0.85,0.92,0.82,0.8619,12114.57,2396
20230203,0.87,1.1699,0.84,1.05,68920.43,8689
20230206,1.21,1.28,1.04,1.16,47640.75,9578
20230207,1.2,1.21,1.03,1.12,18279.2,4182
20230208,1.12,1.42,1.09,1.39,81653.76,13285
20230209,1.37,1.55,1.04,1.06,60911.02,11413
20230210,1.08,1.39,1.06,1.19,64226.38,12626
20230213,1.2,1.23,1.0,1.03,24216.78,4583
20230214,1.05,1.05,0.95,0.9767,12705.76,2766
20230215,0.9747,1.12,0.91,1.12,15760.65,3217
20230216,1.11,1.17,1.03,1.12,13970.23,2701
20230217,1.11,1.12,1.06,1.07,4993.64,1516
20230221,1.06,1.06,1.0,1.01,6204.31,2058
20230222,1.02,1.04,0.9899,1.0,5584.24,1675
20230223,1.01,1.04,0.9441,1.01,8517.12,1738
20230224,0.9906,0.9999,0.8133,0.8369,21037.38,4357
20230227,0.8369,0.8809,0.75,0.7655,15328.68,2905
20230228,0.78,0.7825,0.7337,0.7497,10509.92,2182
20230301,0.7554,0.798,0.74,0.76,7122.85,1781
20230302,0.76,0.7686,0.7301,0.7496,4316.34,1088
20230303,0.7597,0.805,0.7597,0.7989,6304.97,1342
20230306,0.82,0.85,0.7708,0.7958,5525.93,1556
20230307,0.79,0.8169,0.751,0.756,3147.28,790
20230308,0.77,0.7899,0.7267,0.7268,5870.2,1199
20230309,0.725,0.749,0.6815,0.6891,7577.81,2164
20230310,0.69,0.6997,0.6,0.6093,13229.35,2438
20230313,0.6008,0.61,0.58,0.5952,8996.56,1944
20230314,0.588,0.6,0.5811,0.5977,8019.54,2224
20230315,0.5953,0.61,0.5219,0.5342,10109.2,2505
20230316,0.5451,0.5598,0.5005,0.5047,10280.79,3156
20230317,0.5043,0.5193,0.4641,0.4993,10868.53,2639
20230320,0.5,0.53,0.4902,0.5139,7472.33,1627
20230321,0.53,0.6451,0.5002,0.5844,20367,4261
20230322,0.6132,0.6166,0.56,0.5732,5804.66,1630
20230323,0.5741,0.61,0.566,0.5956,3984.04,1278
20230324,0.5874,0.5896,0.55,0.56,4676.35,1896
20230327,0.58,0.6396,0.53,0.5506,13153.79,3641
20230328,0.6123,0.63,0.5403,0.55,8352.54,2091
20230329,0.549,0.5735,0.5408,0.55,9433.9,2182
20230330,0.56,0.6,0.544,0.6,5520.57,1493
20230331,0.6049,0.74,0.585,0.7234,17882.86,3139
20230403,0.71,0.71,0.6351,0.6713,8361.61,1846
20230404,0.68,0.73,0.6511,0.6679,11345.35,2546
20230405,0.69,0.7,0.5579,0.5873,10587.51,2243
20230406,0.5999,0.6318,0.5924,0.6041,3860.01,1074
20230410,0.6111,0.615,0.5405,0.5762,8806.45,2607
20230411,0.58,0.5978,0.5502,0.5502,4856.59,1210
20230412,0.57,0.5789,0.512,0.5238,6078.75,1828
20230413,0.5298,0.5345,0.51,0.515,8500.39,2129
20230414,0.514,0.5151,0.4911,0.4998,10830.1,2262
20230417,0.5,0.5,0.47,0.491,8623.76,2210
20230418,0.52,0.5683,0.503,0.557,7811.5,2300
20230419,0.5499,0.57,0.514,0.5488,7203.04,1805
20230420,0.5529,0.5529,0.5052,0.5119,3296.18,1012
20230421,0.5119,0.5125,0.48,0.4949,4349,1672
20230424,0.5,0.501,0.47,0.4772,4534.13,1438
20230425,0.48,0.48,0.4675,0.4687,2719.3,1167
20230426,0.4766,0.4774,0.45,0.4517,4350.65,1035
20230427,0.45,0.4649,0.4406,0.4481,3970.14,1006
20230428,0.4501,0.49,0.441,0.47,3876.04,1265
20230501,0.4977,0.4977,0.42,0.42,6725.57,1989
20230502,0.418,0.419,0.4004,0.4034,5825.88,1592
20230503,0.4,0.41,0.368,0.3751,12242.68,3072
20230504,0.377,0.3949,0.3601,0.3892,5688.49,1525
20230505,0.3829,0.4251,0.3829,0.4092,3591.38,906
20230508,0.4297,0.4716,0.42,0.4517,6743.03,1942
20230509,0.4524,0.4657,0.4019,0.4378,5193.67,1946
20230510,0.45,0.519,0.4402,0.4874,9399.03,1975
20230511,0.52,0.5288,0.47,0.5,7992.97,2480
20230512,0.49,0.49,0.4397,0.4612,5879.06,1416
20230515,0.465,0.52,0.4649,0.5149,8293.73,1557
20230516,0.5149,0.535,0.48,0.5135,7008.33,1673
20230517,0.5212,0.57,0.5,0.5325,13656.4,2342
20230518,0.54,0.6147,0.5265,0.5792,13607.05,2299
20230519,0.6,0.6,0.501,0.5068,9820.95,2004
20230522,0.5208,0.75,0.518,0.7342,81894,10401
20230523,0.7799,0.8,0.6707,0.738,35999.78,5377
20230524,0.7386,0.8383,0.6565,0.7701,52012.99,7019
20230525,0.8746,0.885,0.76,0.797,27767.78,3843
20230526,0.81,1.11,0.76,1.07,55400.61,8176
20230530,1.12,1.16,0.9,1.03,47666.28,7753
20230531,0.9828,1.03,0.9,0.9388,19320.95,3924
20230601,0.9061,1.08,0.85,0.9542,46880.65,6890
20230602,1.01,1.01,0.83,0.878,31984.95,5533
20230605,0.8758,0.9487,0.795,0.9123,26138.65,5158
20230606,0.9144,1.24,0.8741,1.1,70952.37,11335
20230607,1.16,1.18,0.9609,1.035,49778.8,8179
20230608,1.04,1.49,1.04,1.38,153035.13,24329
20230609,1.61,1.65,1.23,1.33,102513.85,17860
20230612,1.46,1.46,1.22,1.25,54817.21,10748
20230613,1.27,1.35,1.12,1.31,55163.09,12137
20230614,1.29,1.33,1.15,1.215,35351.25,7607
20230615,1.18,1.255,1.17,1.23,22275.59,4423
20230616,1.24,1.24,1.091,1.11,25185.11,4561
20230620,1.11,1.18,1.05,1.085,24164.8,6449
20230621,1.09,1.09,0.9607,0.975,36324.58,7268
20230622,0.9942,0.999,0.8701,0.98,30338.52,6133
20230623,0.961,1.04,0.91,0.913,19587.4,7089
20230626,0.91,1.13,0.91,0.9952,46385.78,8687
20230627,1.04,1.13,0.9901,1.08,24828.3,4610
20230628,1.11,1.27,1.05,1.24,67608.99,11397
20230629,1.3,1.36,1.09,1.16,50100.19,7469
20230630,1.21,1.3199,1.1201,1.175,44364.27,6371
20230703,1.23,1.38,1.21,1.34,33706.84,4821
20230705,1.34,1.6675,1.31,1.59,94390.67,15555
20230706,1.58,1.68,1.41,1.47,71286.32,10869
20230707,1.51,1.6,1.31,1.37,47317.44,7230
20230710,1.4,1.49,1.3601,1.48,26236.26,3954
20230711,1.52,1.7727,1.46,1.53,66397.07,10840
20230712,1.64,1.75,1.55,1.74,53333.94,8896
20230713,1.77,2.08,1.68,2.0,85155.85,13305
20230714,2.0,2.04,1.75,1.76,58765.62,10273
20230717,1.8,2.15,1.755,2.1,63626.35,10471
20230718,2.1,2.4,1.945,2.21,107104.31,17780
20230719,2.34,2.37,2.01,2.06,75402.51,14585
20230720,1.995,2.045,1.86,1.89,54586.28,11998
20230721,1.98,2.05,1.62,1.64,59836.67,9283
20230724,1.67,1.77,1.58,1.72,34348.03,5601
20230725,1.74,2.19,1.7301,2.11,104254.35,15506
20230726,2.08,2.12,1.92,1.97,68486.88,12288
20230727,2.05,2.15,1.82,1.84,64749.12,10208
20230728,1.93,2.29,1.88,2.2,88341.17,13870
20230731,2.29,2.58,2.22,2.49,106183.95,21642
20230801,2.87,3.43,2.42,3.25,231096.8,44204
20230802,3.06,3.25,2.78,2.99,113665.97,21025
20230803,2.85,3.25,2.68,2.73,94684.75,16914
20230804,2.79,2.95,2.5,2.74,65959,12039
20230807,2.78,2.845,2.19,2.32,78037.68,15141
20230808,2.0,2.07,1.8,1.87,89856.5,17568
20230809,1.91,1.91,1.6,1.65,61894.41,12273
20230810,1.73,1.94,1.5901,1.64,60938.08,11454
20230811,1.91,2.75,1.87,2.28,757874.52,144148
20230814,2.32,2.86,2.29,2.67,248230.64,44271
20230815,2.6,2.6,2.12,2.24,159293.38,26429
20230816,2.29,2.4998,2.02,2.09,104749.07,17281
20230817,2.05,2.09,1.8002,1.97,82567.14,12459
20230818,1.87,2.09,1.81,2.06,62002.99,12688
20230821,2.04,2.075,1.88,2.02,64158.65,11924
20230822,2.14,2.15,1.87,1.97,49746.23,10025
20230823,1.91,2.04,1.89,1.97,51804.01,10013
20230824,2.07,2.08,1.74,1.81,62088.22,11255
20230825,1.81,1.83,1.68,1.74,41965.68,6294
20230828,1.76,1.93,1.71,1.89,45135.75,7624
20230829,1.86,1.96,1.77,1.86,62687.37,12434
20230830,1.84,1.85,1.7512,1.76,37720.29,6175
20230831,1.75,1.83,1.75,1.8,28664.47,6318
20230901,1.8,1.86,1.76,1.84,23329.96,4526
20230905,1.82,2.13,1.78,2.03,83677.46,14294
20230906,2.03,2.29,2.01,2.08,86933.79,14824
20230907,2.01,2.01,1.77,1.93,54237.67,9044
20230908,1.94,2.03,1.84,1.98,43627.7,6870
20230911,1.98,2.1285,1.93,2.03,52293.4,9658
20230912,2.0,2.2,1.88,1.95,64371.91,12778
20230913,2.0,2.11,1.945,2.0,37114.2,6899
20230914,2.04,2.07,1.9,1.93,37979.31,7295
20230915,1.93,1.96,1.83,1.86,35428.08,6884
20230918,1.85,1.85,1.7,1.78,46512.33,8123
20230919,1.86,1.88,1.77,1.79,29943.46,5729
20230920,1.81,1.88,1.73,1.74,21393.35,4538
20230921,1.64,1.67,1.55,1.6,31355.65,6372
20230922,1.6,1.705,1.53,1.57,22568.68,3983
20230925,1.5,1.53,1.39,1.46,36821.31,6199
20230926,1.4,1.49,1.36,1.38,28410.49,5792
20230927,1.39,1.47,1.38,1.42,38324.83,7297
20230928,1.4,1.42,1.27,1.31,48832.04,8275
20230929,1.32,1.38,1.29,1.33,24976.33,3858
20231002,1.31,1.38,1.25,1.29,22081.91,3894
20231003,1.28,1.28,1.17,1.19,33464.37,5714
20231004,1.17,1.28,1.17,1.26,27659.57,5244
20231005,1.25,1.265,1.2,1.21,13098.35,3123
20231006,1.21,1.43,1.17,1.4,33170.56,6264
20231009,1.35,1.38,1.295,1.36,16051.14,3291
20231010,1.34,1.6,1.34,1.53,38113.2,6809
20231011,1.64,1.655,1.48,1.51,31449.37,6190
20231012,1.53,1.59,1.45,1.48,24799.14,4578
20231013,1.51,1.51,1.37,1.4,23734.67,4600
20231016,1.41,1.44,1.32,1.41,13745.46,2694
20231017,1.34,1.46,1.31,1.43,12870.28,2480
20231018,1.41,1.41,1.31,1.35,14853.81,3431
20231019,1.36,1.3697,1.23,1.26,20186.06,4113
20231020,1.26,1.28,1.18,1.2,12387.51,2396
20231023,1.18,1.2,1.09,1.16,18126.33,3197
20231024,1.2,1.33,1.19,1.3,26509.06,4542
20231025,1.31,1.31,1.16,1.19,15616.46,2612
20231026,1.16,1.22,1.13,1.17,13268.04,2679
20231027,1.19,1.2,1.1,1.12,16092.21,3787
20231030,1.14,1.15,1.06,1.08,15341.4,4288
20231031,1.06,1.09,1.04,1.06,12480.03,4192
20231101,1.06,1.1,0.9901,1.05,22989.31,5234
20231102,1.08,1.17,1.05,1.14,32871.79,9496
20231103,1.16,1.23,1.12,1.17,29166.55,8489
20231106,1.17,1.19,1.02,1.04,29490.4,6374
20231107,1.05,1.1,1.03,1.04,11043.08,1895
20231108,1.07,1.07,1.0097,1.05,14352.52,2517
20231109,1.02,1.14,1.02,1.05,25689.58,6913
20231110,0.9401,1.02,0.9076,0.97,24735.61,4806
20231113,0.9755,1.06,0.9221,1.06,13310.64,2173
20231114,1.15,1.2,1.06,1.19,36410.65,8742
20231115,1.22,1.24,1.09,1.17,25283.74,6851
20231116,1.16,1.16,1.05,1.08,19897.15,4936
20231117,1.09,1.12,1.05,1.1,9972.07,2304
20231120,1.11,1.17,1.03,1.05,24209.16,5754
20231121,1.05,1.05,0.9801,1.02,18248.94,3179
20231122,1.03,1.1,1.03,1.05,15995.1,3594
20231124,1.04,1.09,1.04,1.05,4621.17,1680
20231127,1.07,1.16,1.015,1.05,41217.44,8931
20231128,1.1,1.1,1.02,1.08,15637.87,2342
20231129,1.09,1.1799,1.05,1.06,25673.67,4618
20231130,1.08,1.09,1.05,1.06,12047.76,2763
20231201,1.08,1.2,1.035,1.2,42044.9,6121
20231204,1.21,1.22,1.1,1.16,32476.01,6872
20231205,1.15,1.17,1.04,1.06,25296.13,5561
20231206,1.09,1.09,1.05,1.06,22135,4109
20231207,1.09,1.1,1.03,1.05,16308.66,3607
20231208,1.04,1.08,1.01,1.04,20834.95,4237
20231211,1.06,1.09,1.01,1.02,21456.16,4143
20231212,1.01,1.04,0.96,0.996,25046.78,4010
20231213,1.0,1.02,0.92,0.9823,26245.15,3805
20231214,1.01,1.08,1.0,1.01,31354.55,5201
20231215,1.03,1.07,1.025,1.07,23426.43,3246
20231218,1.07,1.15,1.035,1.1,30925.94,4007
20231219,1.13,1.15,1.05,1.06,26745.17,3808
20231220,1.06,1.09,1.0,1.02,22119.78,3183
20231221,1.03,1.04,0.9845,1.02,17570.73,2724
20231222,1.01,1.03,0.9919,0.994,12865.67,2235
20231226,1.05,1.09,1.01,1.05,19937.02,3330
20231227,1.06,1.0889,1.01,1.02,14724.5,2346
20231228,1.0,1.05,1.0,1.02,12615.19,1597
20231229,1.03,1.04,0.975,0.9849,21249.57,3530
20240102,1.0,1.0,0.913,0.9244,26964.7,4583
20240103,0.9373,0.9747,0.9043,0.9688,27391.92,5098
20240104,0.99,1.05,0.97,1.02,20374.81,3058
20240105,1.03,1.04,0.9911,1.01,9531.09,2008
20240108,1.03,1.2,1.02,1.14,42331.31,4545
20240109,1.12,1.23,1.07,1.18,50468.95,6697
20240110,1.18,1.18,1.1,1.13,18155.89,2699
20240111,1.1,1.1492,1.05,1.07,21099.81,2816
20240112,1.06,1.12,1.0,1.02,18881.31,3008
20240116,1.02,1.039,0.9853,1.01,13717.14,2569
20240117,0.9853,0.9985,0.9502,0.9661,14069.99,3044
20240118,0.99,1.02,0.955,0.9673,10363.98,2062
20240119,0.98,1.04,0.9556,1.01,12257.94,2265
20240122,1.03,1.1,1.01,1.1,22314.32,3398
20240123,1.1,1.14,1.08,1.11,17292.74,2808
20240124,1.12,1.15,1.075,1.09,16116.66,2600
20240125,1.09,1.15,1.023,1.04,26803.23,3864
20240126,1.03,1.11,1.02,1.09,18924.28,3116
20240129,1.1,1.14,1.04,1.11,23696.21,3629
20240130,1.12,1.31,1.1,1.24,97996.51,13829
20240131,1.19,1.4,1.19,1.24,79187.79,13470
20240201,1.28,1.37,1.2,1.32,55309.84,7779
20240202,1.32,1.33,1.22,1.27,28790.93,4490
20240205,1.29,1.3,1.14,1.18,39755.98,6992
20240206,1.21,1.25,1.19,1.24,20176.49,3554
20240207,1.27,1.27,1.11,1.135,32692.39,6111
20240208,1.15,1.18,1.13,1.16,19077.83,4409
20240209,1.18,1.27,1.161,1.25,56182.24,9748
20240212,1.3,1.53,1.265,1.39,145140.94,21410
20240213,1.34,1.34,1.185,1.21,82967.91,13000
20240214,1.28,1.4,1.24,1.3,135776.13,18480
20240215,1.47,1.515,1.2,1.5,193212.71,22836
20240216,1.55,1.74,1.48,1.69,178322.17,22440
20240220,1.83,1.83,1.52,1.64,112679.09,15177
20240221,1.54,1.57,1.45,1.52,52300.78,8399
20240222,1.63,1.7,1.58,1.6,64298.6,9156
20240223,1.62,1.63,1.47,1.58,59146.36,8858
20240226,1.57,1.89,1.556,1.86,104519.37,13306
20240227,1.89,1.97,1.75,1.83,62730.62,9912
20240228,1.82,2.19,1.78,2.01,127319.95,17046
20240229,2.07,2.21,1.825,1.88,95574.13,15714
20240301,1.98,1.99,1.72,1.86,86627.67,12516
20240304,1.92,1.98,1.66,1.69,87338.45,13024
20240305,1.6,1.66,1.52,1.57,50837.55,7088
20240306,1.64,1.84,1.63,1.78,62515.04,8718
20240307,1.83,2.12,1.79,2.08,126437.1,20791
20240308,2.08,2.36,1.91,1.98,152047.21,23558
20240311,2.05,2.13,1.85,1.86,75025.4,12752
20240312,1.96,2.22,1.86,2.21,144945.79,27214
20240313,2.22,2.27,2.0,2.04,104124.62,18297
20240314,2.1,2.13,1.94,1.98,89331.76,14507
20240315,1.8,2.05,1.78,1.965,58301.8,9481
20240318,2.04,2.06,1.94,2.03,57376.05,10765
20240319,1.97,1.98,1.72,1.75,113162.95,20877
20240320,1.79,1.8,1.64,1.71,81870.95,13256
20240321,1.8,1.82,1.67,1.69,54399.19,8695
20240322,1.7,1.73,1.61,1.63,51055.18,9179
20240325,1.61,1.72,1.59,1.64,59261.51,10033
20240326,1.67,1.68,1.51,1.51,67882.51,11797
20240327,1.52,1.58,1.44,1.54,70890.99,10636
20240328,1.52,1.575,1.49,1.53,38012.96,7601
20240401,1.58,1.59,1.44,1.46,56720.18,11111
20240402,1.39,1.5,1.33,1.37,56287.12,8985
20240403,1.38,1.43,1.35,1.4,43998.18,8651
20240404,1.45,1.49,1.36,1.39,50954.77,8892
20240405,1.35,1.38,1.31,1.34,39077.95,8745
20240408,1.36,1.42,1.3,1.36,42458.18,6913
20240409,1.36,1.42,1.31,1.35,23092.56,4547
20240410,1.3,1.335,1.25,1.26,38778.52,7061
20240411,1.25,1.29,1.14,1.25,53560.21,8397
20240412,1.25,1.25,1.16,1.18,31648.93,5303
20240415,1.18,1.18,1.06,1.08,45919.68,5977
20240416,1.1,1.29,1.09,1.21,65584.64,8118
20240417,1.24,1.315,1.16,1.18,51459.12,7136
20240418,1.19,1.255,1.16,1.17,23774.15,3952
20240419,1.06,1.155,1.06,1.1,32888.65,4304
20240422,1.19,1.2,1.08,1.13,45229.03,10344
20240423,1.13,1.27,1.13,1.19,56094.72,10100
20240424,1.22,1.26,1.125,1.15,27913.97,5079
20240425,1.14,1.17,1.1,1.17,23308.83,3057
20240426,1.18,1.275,1.18,1.27,35125.1,4731
20240429,1.3,1.4,1.29,1.34,48011.61,7257
20240430,1.32,1.36,1.26,1.28,26484.43,4711
20240501,1.24,1.4,1.225,1.31,35968.24,6738
20240502,1.35,1.37,1.28,1.31,17703.19,3273
20240503,1.38,1.43,1.34,1.4,27974.27,4501
20240506,1.42,1.45,1.32,1.39,39097.05,6791
20240507,1.38,1.38,1.28,1.29,22318.82,4407
20240508,1.31,1.32,1.24,1.25,24782.03,5167
20240509,1.3,1.34,1.26,1.28,23471.79,4220
20240510,1.22,1.255,1.15,1.16,34037.98,5505
20240513,1.2,1.35,1.19,1.27,47881.44,7120
20240514,1.27,1.35,1.25,1.32,31321.65,6150
20240515,1.35,1.35,1.21,1.22,37672.11,6551
20240516,1.22,1.23,1.14,1.15,42676.22,5951
20240517,1.16,1.1796,1.11,1.15,27935.75,5014
20240520,1.15,1.17,1.1,1.13,25439.58,4461
20240521,1.115,1.13,1.06,1.1,33832.98,4454
20240522,1.13,1.13,1.06,1.07,25772,3693
20240523,1.17,1.24,1.05,1.06,38537.08,5641
20240524,1.08,1.1099,1.04,1.07,28475.1,5100
20240528,1.08,1.09,1.01,1.05,39037.64,5566
20240529,1.07,1.12,1.04,1.06,58628.38,7516
20240530,1.1,1.12,1.04,1.05,32407.15,6098
20240531,1.06,1.11,1.03,1.05,39298.57,5804
20240603,1.07,1.09,1.01,1.03,27595.58,4678
20240604,1.03,1.04,1.0,1.02,32051.91,4507
20240605,1.02,1.07,0.98,1.05,42698.54,6103
20240606,1.03,1.06,1.02,1.05,14627.36,2999
20240607,1.04,1.0699,1.0,1.02,18357.08,2993
20240610,1.0,1.06,1.0,1.03,18158.52,2911
20240611,1.04,1.055,1.02,1.05,13436.8,2616
20240612,1.06,1.08,1.0,1.02,30878.18,5220
20240613,1.02,1.04,1.0,1.02,18944.99,3945
20240614,1.01,1.02,0.98,0.9864,22624.47,5013
20240617,1.0,1.06,0.981,1.04,38509.7,5852
20240618,1.02,1.04,0.98,0.98,19031.03,4000
20240620,0.9653,0.98,0.88,0.88,82356.89,11000
20240621,0.8949,0.9749,0.889,0.9531,57484.37,8538
20240624,0.95,1.01,0.95,0.9644,29595.09,5199
20240625,0.9787,0.9787,0.8905,0.8967,38784.51,9284
20240626,0.9027,0.9369,0.8905,0.9061,38015.52,8920
20240627,0.9167,1.06,0.9065,1.05,71669.21,11805
20240628,1.07,1.1,1.01,1.07,41509.2,10138
20240701,1.08,1.08,0.9732,0.9987,41409.01,7398
20240702,0.9869,1.02,0.9237,0.9491,33434.65,5438
20240703,0.95,0.9756,0.93,0.96,18699.47,3173
20240705,0.96,1.02,0.9455,0.992,28368.6,4528
20240708,1.0,1.06,1.0,1.04,39727.24,6218
20240709,1.06,1.06,0.995,1.04,25777.7,3141
20240710,1.04,1.4,1.01,1.08,333623.54,35905
20240711,1.145,1.15,0.992,1.02,134552.62,16196
20240712,1.03,1.11,1.03,1.08,79129.56,9766
20240715,1.1,1.23,1.09,1.19,92890.04,8714
20240716,1.19,1.29,1.13,1.28,65898.26,8892
20240717,1.25,1.28,1.14,1.17,70045.6,10054
20240718,1.2,1.21,1.07,1.09,43005.27,5417
20240719,1.09,1.09,1.03,1.04,35081.46,3598
20240722,1.07,1.08,1.01,1.05,35110.78,3578
20240723,1.04,1.12,1.035,1.12,29135.54,3042
20240724,1.09,1.125,1.02,1.02,26899.96,3766
20240725,1.04,1.1,1.01,1.04,36230.54,4246
20240726,1.06,1.07,1.01,1.07,28937.41,4070
20240729,1.07,1.1,1.02,1.03,20013.54,3630
20240730,1.02,1.05,0.9841,0.9904,64022.13,6976
20240731,1.0,1.06,0.9953,1.03,19041.45,3100
20240801,1.03,1.04,0.9352,0.948,102913.06,12194
20240802,0.91,0.9262,0.89,0.8972,62878.51,9499
20240805,0.7663,0.8374,0.75,0.7961,68037.28,9868
20240806,0.86,0.8959,0.8112,0.8462,34634.73,6556
20240807,0.87,0.9,0.7778,0.7778,30115.64,5523
20240808,0.7978,0.8423,0.7778,0.8305,29882.32,6863
20240809,0.82,0.82,0.756,0.7902,32055.67,5641
20240812,0.82,0.9166,0.8176,0.8537,44319.59,10185
20240813,0.88,0.9469,0.87,0.8966,28852.5,4280
20240814,0.9129,0.92,0.83,0.8409,24410.18,4582
20240815,0.8582,0.9164,0.8563,0.8856,25497.96,5461
20240816,0.89,0.9158,0.88,0.8982,27892.11,5054
20240819,0.9,0.9163,0.86,0.87,30240.59,6326
20240820,0.86,0.8728,0.835,0.836,22221.56,6093
20240821,0.845,0.9423,0.8415,0.9275,43514,4355
20240822,0.93,0.945,0.8916,0.9068,17947.09,2905
20240823,0.9093,0.9833,0.908,0.9659,25387.12,3510
20240826,0.95,0.96,0.9381,0.9459,12927.45,2203
20240827,0.935,0.94,0.899,0.91,18314.66,2890
20240828,0.9,0.9133,0.843,0.8599,26272.79,4228
20240829,0.871,0.9168,0.871,0.8807,22905.24,3768
20240830,0.8919,0.9169,0.8622,0.9164,15461.5,3707
20240903,0.92,0.92,0.8155,0.8312,21447.78,3748
20240904,0.8243,0.874,0.82,0.835,13656.65,2806
20240905,0.86,0.86,0.7999,0.8,21431.14,7408
20240906,0.81,0.82,0.74,0.7536,36614.26,5553
20240909,0.7985,0.7985,0.66,0.6881,76045.53,11422
20240910,0.7115,0.7351,0.673,0.7336,44702.67,8196
20240911,0.72,0.81,0.72,0.8044,30087.92,3775
20240912,0.81,0.835,0.7724,0.8202,16596.35,3032
20240913,0.8278,0.8617,0.8251,0.8526,25166.09,3380
20240916,0.8347,0.8398,0.795,0.8216,30803.83,4898
20240917,0.83,0.86,0.811,0.8404,18294.23,3410
20240918,0.844,0.88,0.82,0.82,36401.29,4813
20240919,0.8492,0.8556,0.8131,0.8151,17728.57,2899
20240920,0.8109,0.8302,0.7939,0.7939,15200.76,3349
20240923,0.79,0.8058,0.757,0.765,24701.2,5003
20240924,0.772,0.787,0.75,0.76,19248.03,4192
20240925,0.7672,0.7731,0.71,0.7402,29600.79,6114
20240926,0.7471,0.79,0.735,0.7781,23635.44,3238
20240927,0.7888,0.8465,0.75,0.8102,39559.04,4319
20240930,0.8041,0.83,0.78,0.7831,17436.78,2658
20241001,0.7891,0.7955,0.745,0.753,17371.43,2738
20241002,0.7598,0.7838,0.7325,0.7644,14446.86,2181
20241003,0.75,0.7658,0.7425,0.748,12974.01,2245
20241004,0.7664,0.81,0.74,0.7849,18687.33,2069
20241007,0.78,0.81,0.7703,0.7847,13808.26,2491
20241008,0.7853,0.8,0.771,0.7789,16782.61,2439
20241009,0.79,0.7909,0.75,0.7659,25435.98,3158
20241010,0.7572,0.7628,0.725,0.7555,19148.75,3209
20241011,0.74,0.8278,0.74,0.8164,27735.51,3119
20241014,0.82,0.849,0.8026,0.8422,25689.71,3938
20241015,0.8391,0.8391,0.7909,0.8105,13824.34,3162
20241016,0.8187,0.96,0.8041,0.92,80470.95,7808
20241017,0.94,0.9882,0.91,0.951,46547.21,5445
20241018,0.98,1.185,0.9764,1.11,112216.61,13064
20241021,1.17,1.3,1.09,1.28,123294.92,15509
20241022,1.27,1.33,1.15,1.23,71961.93,11086
20241023,1.19,1.38,1.15,1.21,100466.75,13103
20241024,1.3,1.33,1.18,1.2,55829.96,8561
20241025,1.23,1.31,1.2,1.22,73180.11,9744
20241028,1.27,1.54,1.25,1.5,146449.96,16158
20241029,1.62,1.73,1.4,1.46,165053.01,22919
20241030,1.37,1.505,1.32,1.41,82210.73,11026
20241031,1.41,1.43,1.24,1.32,50707.82,6472
20241101,1.3,1.349,1.22,1.23,43367.32,4948
20241104,1.21,1.22,1.12,1.13,47529.8,6467
20241105,1.11,1.16,1.06,1.12,42197.9,5778
20241106,1.18,1.25,1.13,1.2,50720.31,6776
20241107,1.22,1.47,1.21,1.43,119289.43,12166
20241108,1.4,1.62,1.4,1.51,154401.32,19505
20241111,1.665,1.69,1.4,1.52,145957.61,21054
20241112,1.31,1.5,1.25,1.49,91167.07,12667
20241113,1.51,1.89,1.48,1.7,218972.63,24264
20241114,1.84,1.85,1.53,1.55,272963.7,41348
20241115,1.6,1.605,1.38,1.41,135883.78,17745
20241118,1.49,1.49,1.28,1.3,111383.55,13356
20241119,1.33,1.375,1.29,1.31,102393.03,13580
20241120,1.38,1.49,1.32,1.35,140163.33,16009
20241121,1.48,1.55,1.37,1.48,310833.99,41883
20241122,1.69,1.8498,1.54,1.74,770781.7,86386
20241125,2.64,3.37,2.37,2.75,2079556.08,273429
20241126,2.38,2.68,2.1,2.2,814095.39,103774
20241127,2.45,2.52,2.3,2.4,459183.79,59151
20241129,2.52,3.11,2.42,3.05,1014203.85,133158
20241202,3.52,3.66,2.84,3.02,1039110.11,146203
20241203,2.93,3.25,2.76,3.14,603486.63,79399
20241204,3.03,3.29,2.9501,3.11,428382.91,51209
20241205,3.08,3.55,2.88,3.18,834265.26,91932
20241206,3.33,4.39,3.31,4.38,1205444.19,150556
20241209,5.06,5.09,4.28,4.47,905260.32,147479
20241210,4.33,6.89,4.28,6.49,2164967.39,366077
20241211,7.95,7.96,5.78,7.38,2486709.7,475249
20241212,6.65,7.89,5.85,5.97,1374622.45,227193
20241213,6.34,7.2,6.05,7.16,1102578.65,177233
20241216,7.17,9.8498,6.71,8.43,2022993.34,397692
20241217,9.25,11.2,8.405,11.13,1777611.15,350087
20241218,11.13,12.75,9.9101,10.69,2340062.7,481974
20241219,10.11,10.18,6.75,7.47,1504167.2,271523
20241220,7.26,10.08,6.93,9.37,1764557.7,322992
20241223,12.14,12.3,10.44,10.96,1764383.33,348535
20241224,11.05,12.2799,10.34,11.35,902261.15,164956
20241226,11.2,15.5,10.76,15.44,1811648.57,366055
20241227,16.86,19.35,15.44,17.08,2651374.74,573957
20241230,15.69,18.2395,14.4,17.0,1376034.99,283310
20241231,17.49,18.0,15.02,15.26,1185558.45,246541
20250102,16.14,20.0,15.3,20.0,1639778.32,346321
20250103,18.95,20.37,17.7,19.02,1394981.43,306543
20250106,18.54,21.42,18.53,19.51,1152528.86,262486
20250107,19.8,20.1,17.55,18.39,742078.08,180566
20250108,12.805,12.92,9.0,10.04,2448123.62,605148
20250110,9.88,10.74,8.43,8.93,1364085.95,317542
20250113,7.33,8.37,5.95,6.05,1553063.49,326000
20250114,6.57,8.97,6.56,8.95,3095340.4,610064
20250115,10.37,11.56,9.73,10.94,3055234.45,706294
20250116,10.35,11.74,10.01,11.24,2083740.94,458051
20250117,10.53,11.16,9.77,9.83,1351349.59,291390
20250121,10.38,14.07,10.38,13.98,2037499.44,408306
20250122,14.09,14.46,12.755,13.91,1382621.93,339202
20250123,13.11,14.63,12.99,13.47,1157673.4,268211
20250124,13.94,16.2,13.15,13.2,1944754.26,464601
20250127,12.03,13.57,11.8,12.45,1032547.36,208962
20250128,13.445,13.5,12.1,13.08,909411.12,182510
20250129,12.82,13.935,12.37,12.66,970780.28,224710
20250130,13.13,13.37,12.12,12.3,861469.71,191869
20250131,12.31,14.58,12.27,13.17,1875186.06,401498
20250203,12.44,13.83,11.87,13.47,1176328.25,250176
20250204,14.095,15.15,13.28,13.72,1416739.64,296840
20250205,14.01,14.39,13.33,13.83,1067447.95,220684
20250206,13.97,14.49,13.07,13.29,678990.56,158002
20250207,13.68,13.85,12.4366,12.85,871001.49,190083
20250210,12.71,12.99,12.22,12.35,567912.7,121932
20250211,12.49,12.5,11.0,11.02,644200.09,138051
20250212,10.935,12.23,10.85,11.75,681070.5,126563
20250213,12.05,12.25,11.37,12.25,579694.48,113028
20250214,12.18,12.23,11.44,11.81,432428.56,84335
20250218,11.37,11.43,10.345,10.52,530471.75,108945
20250219,10.69,11.56,10.24,11.03,897669.7,177070
20250220,12.09,12.15,10.95,11.47,805466.07,187084
20250221,11.585,12.34,10.47,10.75,766778.48,147925
20250224,10.595,10.71,9.99,10.12,573822.37,102628
20250225,9.92,10.08,8.91,9.03,520193.54,107280
20250226,9.43,9.87,9.13,9.28,435298.04,67171
20250227,9.15,9.42,8.03,8.03,381261.46,88567
20250228,7.97,8.75,7.7712,8.46,480011.85,81626
20250303,8.54,8.74,7.52,7.7,401850.18,88206
20250304,7.06,8.24,7.025,7.86,428433.62,90629
20250305,7.85,8.24,7.61,8.18,328066.56,87589
20250306,7.33,9.12,7.2,8.51,813956.68,170241
20250307,8.551,9.5,8.26,9.35,689694.79,135635
20250310,9.03,9.12,7.5301,7.91,566628.79,116478
20250311,7.83,8.27,7.57,8.05,421685.62,88543
20250312,8.38,9.1,8.04,8.95,644627.15,143180
20250313,8.88,9.4,8.36,8.75,599272.09,114482
20250314,9.04,11.3,9.02,11.22,1150407.62,256880
20250317,11.3,11.4,10.65,11.16,742292.34,173409
20250318,10.4,11.18,9.9,10.26,583011.35,130856
20250319,10.62,10.82,9.65,9.905,438286.22,97565
20250320,9.72,9.835,8.68,8.99,578828.92,133468
20250321,8.5,9.14,8.45,9.07,407186.02,84066
20250324,9.43,9.83,9.28,9.78,417255.77,93695
20250325,9.56,10.02,9.47,9.82,328587.27,71300
20250326,9.89,10.31,9.09,9.18,384359.69,94696
20250327,9.02,9.19,8.41,8.47,260620.64,54597
20250328,8.4,8.4189,7.7816,8.15,248350.81,53698
20250331,7.77,8.295,7.68,7.92,262877.78,54880
20250401,8.08,8.1268,7.51,7.81,278988.28,53915
20250402,7.57,8.92,7.55,8.49,394085.96,79566
20250403,7.98,8.31,7.91,8.15,257984.02,57985
20250404,7.79,7.79,6.98,7.5,319062.15,72283
20250407,6.92,8.78,6.86,8.33,438291.13,91454
20250408,8.94,8.96,7.52,7.72,361851.24,98668
20250409,7.98,9.46,7.7,9.39,498659.07,118580
20250410,9.065,9.74,8.85,9.42,365232.25,100356
20250411,9.46,9.54,8.6901,9.1,236954.9,56798
20250414,9.4,9.7,8.78,8.86,201498.11,53786
20250415,8.85,8.96,8.45,8.62,139085.52,30235
20250416,8.28,8.42,7.98,8.25,130209.61,32800
20250417,8.29,8.475,8.075,8.32,103502.49,28680
20250421,8.17,8.2051,7.8101,8.11,104307.79,22835
20250422,8.23,8.58,8.125,8.57,121296.8,28821
20250423,9.05,9.35,8.87,9.11,227192.17,56606
20250424,9.22,9.73,9.14,9.3,249958.29,59974
20250425,9.23,9.8,8.97,9.37,330420.45,83841
20250428,9.48,10.05,9.01,9.22,277462.88,70962
20250429,9.33,9.44,8.83,8.86,168197.94,40595
20250430,8.59,8.89,8.35,8.87,110727.59,28560
20250501,9.12,9.275,8.935,9.14,138262.6,36988
20250502,9.24,10.92,9.221,10.63,624556.5,184743
20250505,10.38,10.38,9.51,9.695,309398.61,81398
20250506,9.47,9.84,9.2,9.785,145188.68,34035
20250507,9.69,9.8,9.14,9.25,180469.25,52616
20250508,9.94,10.43,9.3,10.31,615933.98,160542
20250509,10.31,10.64,10.04,10.58,526201.06,136299
20250512,11.79,11.98,11.08,11.55,656695.58,148651
20250513,10.25,10.7951,9.85,9.865,639708.66,137257
20250514,10.22,12.39,10.18,11.64,1243335.85,264308
20250515,11.39,11.925,11.18,11.54,465551.41,130608
20250516,12.04,12.52,11.52,11.85,596216.24,137548
20250519,11.49,12.225,11.15,12.05,539197.81,115615
20250520,12.53,12.69,11.51,11.92,790841.73,192793
20250521,11.84,12.07,10.7748,10.96,594166.81,131972
20250522,11.03,14.44,10.94,13.86,1503357.51,374439
20250523,13.04,14.69,12.77,14.02,947451.08,230327
20250527,14.96,15.3,13.75,14.19,653663.88,168118
20250528,13.855,14.49,13.8,14.16,470750.53,119846
20250529,14.41,14.75,13.05,13.15,404361.37,95868
20250530,12.48,12.7499,11.752,12.11,377227.56,97496
20250602,12.265,12.5,11.8225,12.26,254507.6,66269
20250603,12.57,12.83,11.82,12.04,365661.64,85722
20250604,12.12,12.175,11.65,11.82,254134.64,65406
20250605,11.81,11.82,11.1,11.3186,190883.67,46238
